Section Description,Section Name
Section A: Identification Information,Section A
"Section B: Hearing, Speech, and Vision",Section B
Section C: Cognitive Patterns,Section C
Section D: Mood,Section D
Section E: Behavior,Section E
Section F: Preferences for Customary Routine and Activities,Section F
Section G: (Removed in MDS 3.0 v1.18.11) Previously Functional Status,Section G
Section GG: Functional Abilities and Goals,Section GG
Section H: Bladder and Bowel,Section H
Section I: Active Diagnoses,Section I
Section J: Health Conditions,Section J
Section K: Swallowing/Nutritional Status,Section K
Section L: Oral/Dental Status,Section L
Section M: Skin Conditions,Section M
Section N: Medications,Section N
"Section O: Special Treatments, Procedures, and Programs",Section O
Section P: Restraints and Alarms,Section P
Section Q: Participation in Assessment and Goal Setting,Section Q
Section V: Care Area Assessment (CAA) Summary,Section V
Section X: Correction Requests,Section X
Section Z: Assessment Administration,Section Z
